Magic,Symbol,TF,n_trades,SL_pips,MAE_good_pips,MAE_soft_cut_pips,P1_trigger_pips,P1_SL_pips,P2_trigger_pips,P2_SL_pips,P3_trigger_pips,P3_SL_pips,TP_lab_pips,scalp_TF1_ok,scalp_TF2_ok,scalp_TF3_ok,R_BAD_THRESHOLD,early_abort_flag_rate,early_abort_win_rate,early_abort_avg_pl,median_bars_winners,median_bars_losers,min_bars_before_abort_check,R_med_winners,R_med_losers,R_q10_winners,R_q90_winners,R_q10_losers,R_q90_losers,Score_OSCS,time_to_mae_med_s,time_to_mfe_med_s,mfe_median_bars,mae_median_bars,mae_atr_mean,mfe_atr_mean,e_ratio_mean,mae_atr_median,mfe_atr_median,e_ratio_median
910414947,XAUUSD,240,18,2223,1389,889,1389,-695,2778,0,4295,2761,4908,False,False,False,0.48548315174787837,0.325,0.0,-19.513461538461538,67.51458333333333,16.602083333333333,17.0,7.482402600964392,0.48548315174787837,3.278107459270669,54.56974523010386,0.13581925274137885,1.4826825213255355,6.530789904219359,401317.0,403241.5,28.002881944444443,27.86923611111111,1.502146,5.856697,8.221572,1.496779,5.293541,5.143648
111558157,EURUSD,15,28,56,35,110,35,-17,70,0,73,47,83,False,False,False,0.6,0.1574468085106383,0.02702702702702703,-11.94864864864865,404.26666666666665,336.0,101.0,4.027052864959421,0.30538393645189765,0.7601674641148326,21.693877551020407,0.038441952093276076,1.6595533169858843,5.866466429730357,58493.5,221272.5,245.85833333333332,64.99277777777777,8.240957,11.547654,11.880843,4.253877,11.480048,1.504131
120142107,GBPUSD,60,20,69,43,28,43,-22,87,0,88,51,90,False,False,False,0.2940587235655374,0.24401913875598086,0.0,-12.56078431372549,82.61666666666666,81.63333333333333,21.0,3.634146341463415,0.2940587235655374,0.8443208828672717,22.45453149001539,0.03931262144497438,2.546414356199578,5.714178670453777,61951.0,106519.0,29.58861111111111,17.20861111111111,6.077357,7.592238,10.575877,3.115112,5.625557,2.105914
852412345,NAS100,1440,193,2106,1316,842,1316,-658,2632,0,2692,1731,3077,False,False,False,0.6,0.3,0.5238095238095238,-23.862857142857138,5.999305555555556,15.502083333333333,3.0,2.05127380271001,0.09811789422016065,0.3983136690392344,21.835254451907435,0.007218017854898345,0.21012377172011426,5.433249469810028,7768.0,8700.0,0.10069444444444445,0.08990740740740741,0.334297,0.17586,4.572783,0.221986,0.126213,0.48915
120156886,GBPUSD,60,112,79,49,181,49,-25,99,0,100,64,113,False,False,False,0.32644292055702945,0.1320754716981132,0.0,-18.560000000000002,106.06666666666666,103.09166666666667,27.0,3.4759210526315787,0.32644292055702945,0.8217042507275931,18.2130601247873,0.032889650637111245,1.2025892878200644,5.392871125260826,113606.0,147305.0,40.918055555555554,31.557222222222222,5.531432,6.446948,6.095436,4.549267,4.674256,1.066822
220159174,GBPJPY,60,69,104,65,42,65,-33,131,0,132,81,144,False,False,False,0.27477214758826984,0.23943661971830985,0.0,-10.108823529411763,83.75,74.43333333333334,21.0,3.401805869074492,0.27477214758826984,0.5702154705529546,15.232549556521223,0.0010103626943005206,1.1141290414470872,5.253773024530238,86006.0,89652.0,24.903333333333332,23.890555555555554,3.82911,4.669722,8.075056,2.664307,3.250083,1.318217
220111819,GBPJPY,60,36,94,59,38,59,-30,118,0,119,68,122,False,False,False,0.3444444444444445,0.2608695652173913,0.0,-6.9191666666666665,66.28333333333333,37.583333333333336,17.0,4.502867815753868,0.3444444444444445,1.6029868883914298,18.697966401414675,0.0691538303553091,4.727537051880493,5.247245497512106,15253.5,44744.0,12.428888888888888,4.2370833333333335,2.310794,4.655864,4.763996,2.173233,2.762204,1.280275
201514104,EURJPY,15,30,74,46,52,46,-23,93,0,96,61,109,False,False,False,0.3391472868217054,0.2363013698630137,0.0,-6.01463768115942,263.9,109.8,66.0,4.53042328042328,0.3391472868217054,1.28080464839357,19.104599524187154,0.05172810132983921,1.585823810212643,5.214559614314853,52237.0,101895.0,113.21666666666667,58.041111111111114,6.12748,10.304507,13.833492,6.264867,10.285666,1.690741
209173158,EURJPY,60,25,66,41,26,41,-21,83,0,97,62,111,False,False,False,0.3447368421052632,0.2733812949640288,0.0,-4.502236842105263,50.0,16.033333333333335,12.0,5.020576131687243,0.3447368421052632,1.2837402277495382,20.10102864377275,0.0168421052631579,1.6114616360177554,5.201232249553814,58557.0,52462.0,14.572777777777778,16.265833333333333,2.487008,4.664573,4.147505,2.788991,3.750447,1.325221
822412345,US500,1440,191,2106,1316,842,1316,-658,2632,0,2692,1731,3077,False,False,False,0.6,0.3,0.5238095238095238,-23.862857142857138,5.999305555555556,15.502083333333333,3.0,2.05127380271001,0.09811789422016065,0.3983136690392344,21.835254451907435,0.007218017854898345,0.21012377172011426,5.189839642968591,8369.5,7499.5,0.08679976851851852,0.09686921296296297,0.348719,0.15479,4.907794,0.229585,0.088841,0.355334
800413946,GER40,240,26,1588,992,635,992,-496,1985,0,2137,1374,2442,False,False,False,0.6,0.22916666666666666,0.0,-20.259696969696968,21.004166666666666,4.966666666666667,5.0,5.495762891630868,0.6897701991300226,2.0782519353647904,29.586360785935216,0.11691505160444274,2.2395451144881537,5.069719228904882,18593.0,175046.0,12.155972222222223,1.2911805555555556,1.82084,3.263096,4.638817,1.046028,2.180513,3.054126
11042362,EURUSD,240,27,48,30,19,30,-15,60,0,65,42,74,False,False,False,0.2871580933033447,0.25609756097560976,0.0,-6.7890476190476186,12.214583333333334,12.866666666666667,3.0,4.002125662856303,0.2871580933033447,0.7482760094707269,11.088173714759538,0.008154349554661896,1.932163110222494,5.000718844678611,145124.0,368412.5,25.58420138888889,10.078055555555556,2.71037,3.689929,7.097398,2.948287,2.714062,1.121262
203011136,EURJPY,30,22,90,56,81,56,-28,112,0,113,72,128,False,False,False,0.2493827160493827,0.2926829268292683,0.0,-5.16,89.78333333333333,32.516666666666666,22.0,3.287049186846396,0.2493827160493827,0.8318043511334247,21.489926739926737,0.021604938271604937,1.47090752188232,4.977633145615447,27314.5,95649.5,53.13861111111111,15.174722222222222,3.526244,6.664029,10.561098,2.600986,5.884286,1.190449
172419172,USDJPY,1440,35,71,44,28,44,-22,89,0,146,94,167,False,False,False,0.2603086374004628,0.23308270676691728,0.0,-7.173225806451611,6.284722222222222,4.775347222222222,3.0,6.706214689265537,0.2603086374004628,1.7145187601957586,32.467532467532465,0.002276246583397768,0.9325789147926553,4.936984728690567,58863.0,170428.5,1.9725520833333334,0.6812847222222222,0.638704,0.998163,11.315992,0.678377,0.922071,1.677393
121554582,GBPUSD,15,27,77,48,128,48,-24,96,0,98,63,112,False,False,False,0.7,0.19519519519519518,0.06153846153846154,-11.56076923076923,316.76666666666665,275.2,79.0,3.5356696074312657,0.5149342891278376,0.6628778275280572,19.554893617021285,0.017915234822451335,6.475315315315316,4.901994839303471,37065.0,107572.0,119.52444444444444,41.18333333333333,8.266682,12.374862,5.776819,5.741007,8.775758,1.270169
811521059,US30,15,68,62,39,100,39,-19,78,0,82,52,93,False,False,False,0.43627609890109886,0.09821428571428571,0.0,-1.3695454545454546,5.966666666666667,4.466666666666667,3.0,4.30763528539659,0.43627609890109886,1.4593616200079393,104.40924855491328,0.042250656167979024,2.5747619047619064,4.809100812041989,1840.5,1731.5,1.923888888888889,2.045,2.064845,0.823896,1.325739,1.594871,0.161381,0.116486
112416190,EURUSD,1440,20,99,62,40,62,-31,124,0,139,89,159,False,False,False,0.9328757588775773,0.3037974683544304,0.041666666666666664,-9.260416666666666,9.502777777777778,4.219444444444445,3.0,4.958715596330275,0.9328757588775773,2.2200783428812065,17.38716434964769,0.07241379310344828,3.1938692748091606,4.795750762195122,310942.5,199093.0,2.3043171296296294,3.598871527777778,0.704518,1.246634,3.514695,0.555837,0.926818,2.169492
91041141,XAUUSD,240,91,1030,644,412,644,-322,1288,0,1289,770,1370,False,False,False,0.30808693719234037,0.22540983606557377,0.0,-23.110727272727274,3.0729166666666665,4.527083333333334,3.0,2.5715292016366402,0.30808693719234037,0.8644597057404935,12.720155458406037,0.0,0.8686158703341957,4.643480169714749,12762.0,13148.0,0.9130555555555555,0.88625,0.826053,0.724095,4.027763,0.637688,0.730201,1.110592
120143281,GBPUSD,60,63,74,46,30,46,-23,92,0,93,52,94,False,False,False,0.23624384966474432,0.23444976076555024,0.04081632653061224,-10.767959183673467,62.15,77.19166666666666,16.0,2.7218614718614718,0.23624384966474432,0.7646241350812659,14.868673835125456,0.018858091462176266,1.2967657871469136,4.487443056677506,77511.0,93326.0,25.92388888888889,21.530833333333334,5.333227,4.947993,3.265371,3.50752,3.743671,0.858333
800422054,GER40,240,89,452,282,3181,282,-141,565,0,566,349,621,False,False,False,0.6,0.10676156583629894,0.23333333333333334,-29.711666666666662,1.6020833333333333,9.683333333333334,3.0,1.7410740876600626,0.1175102576727392,0.34774355522951467,21.262860991424606,0.0269952209794293,1.4710847795847655,4.474034268446371,13483.0,49979.0,3.470763888888889,0.9363194444444445,1.083091,1.458199,4.777527,0.5898,1.285259,2.064982
20153090,EURJPY,15,121,37,23,15,23,-11,46,0,61,39,70,False,False,False,0.5812428335710491,0.27906976744186046,0.0,-2.1294444444444447,43.93333333333333,12.066666666666666,11.0,5.0,0.5812428335710491,1.9920634920634923,12.253521126760564,0.0,1.7374850167399178,4.4596168717326545,5573.0,10468.5,11.631666666666666,6.192222222222222,2.328428,4.489125,3.478409,2.515727,3.339259,1.406032
810411336,US30,240,44,328,205,131,205,-102,410,0,634,407,724,False,False,False,0.47059807506409446,0.2846715328467153,0.0,-3.551538461538461,32.97083333333333,6.202083333333333,8.0,8.301502447808227,0.47059807506409446,3.29063987910358,44.76111849390921,0.055356304985337244,1.7551983349657196,4.418088402825244,57279.5,96843.5,6.725243055555556,3.9777430555555555,2.271992,2.025335,2.242137,2.16287,1.118839,0.413466
800422153,GER40,240,45,504,315,739,315,-158,630,0,631,325,632,False,False,False,0.6,0.18382352941176472,0.56,-13.0768,1.3833333333333333,1.5791666666666666,3.0,2.211820060683347,0.2236612631157618,0.40635387814108315,17.444830056366655,0.05346993955019627,3.48843970697569,4.416614644680017,8331.0,52151.0,3.6215972222222224,0.5785416666666666,0.870683,1.359375,4.904214,0.489492,1.251086,2.114362
120176143,GBPUSD,60,54,62,39,146,39,-19,77,0,78,46,82,True,False,False,0.3001502042778178,0.105,0.0,-14.600000000000003,51.85,46.95,13.0,3.762182281420883,0.3001502042778178,0.5310472831246825,19.43532467532468,0.04561643835616439,1.071836507936508,4.411922516499528,61783.5,75059.0,20.849722222222223,17.16208333333333,4.508377,4.991838,4.302651,3.447718,3.467947,0.891111
123019377,GBPUSD,30,21,33,21,13,21,-10,41,0,63,40,72,False,False,False,0.5785714285714285,0.25,0.0,-5.034999999999998,42.4,39.7,11.0,4.7368421052631575,0.5785714285714285,1.6639004149377592,9.552631578947368,0.05464285714285716,2.023381173775352,4.3627408215194485,42609.5,30387.0,16.881666666666668,23.671944444444446,1.718342,2.627331,5.862789,1.523791,2.41334,1.797316
220418158,GBPJPY,240,77,97,61,39,61,-30,122,0,123,76,134,False,False,False,0.21273516642547033,0.24663677130044842,0.0,-10.244727272727271,19.320833333333333,15.195833333333333,5.0,3.2981674197818247,0.21273516642547033,1.0548732840220094,14.55087484326914,0.0,1.3892068683565004,4.261929004436036,80409.0,54902.0,3.812638888888889,5.583958333333333,2.074344,1.912657,4.669698,1.789471,1.225983,0.682122
110431441,EURUSD,240,36,36,22,14,22,-11,45,0,63,40,72,False,False,False,0.2964418476720732,0.23232323232323232,0.0,-6.197826086956522,8.629166666666666,7.18125,3.0,4.166666666666666,0.2964418476720732,1.514018691588785,17.307692307692307,0.01613650016173005,1.6051265004616808,4.090986545876136,45889.0,72910.5,5.063229166666667,3.186736111111111,1.399121,2.05751,8.965466,1.237597,1.553405,1.690875
220112186,GBPJPY,60,82,94,59,145,59,-29,117,0,118,72,128,False,False,False,0.2483170778351501,0.20491803278688525,0.0,-12.283999999999999,76.63333333333333,59.725,19.0,3.6869528854195703,0.2483170778351501,0.7164626950311132,19.184282828282825,0.007292024511677641,2.1238324144002227,4.074872103727028,70383.5,89352.0,24.82,19.55097222222222,4.338302,3.973629,4.702672,3.233569,2.984263,0.619902
220112052,GBPJPY,60,70,89,56,62,56,-28,111,0,151,97,172,False,False,False,0.5437553101104503,0.16853932584269662,0.0,-6.018666666666667,133.81666666666666,13.116666666666667,33.0,6.69325153374233,0.5437553101104503,1.69492584342913,29.29183004588522,0.0,2.888897136141524,4.055458640954264,23718.0,38659.0,10.738611111111112,6.588333333333333,1.94578,5.240216,6.054242,1.603616,2.406314,1.692436
22042161,GBPJPY,240,66,103,64,41,64,-32,128,0,129,71,130,True,False,False,0.225,0.20512820512820512,0.0,-8.409375,14.466666666666667,9.825,4.0,3.4895238095238095,0.225,0.7108868060562366,21.193548387096776,0.0009958506224066398,1.1978836407646343,3.9855759476844606,59841.0,56755.0,3.9413194444444444,4.155625,1.473912,2.315739,17.012296,1.378947,1.531579,1.428571
22045560,GBPJPY,240,74,114,72,46,72,-36,143,0,144,72,145,True,False,False,0.196453282751811,0.20512820512820512,0.0,-8.071874999999999,13.214583333333334,6.49375,3.0,3.1180886075949363,0.196453282751811,0.6823732576785494,16.194814340588994,0.01740336544323863,0.7789786017499783,3.9822026328696207,58386.5,57153.0,3.968958333333333,4.054618055555555,1.417467,2.165655,3.84779,1.315514,1.730145,1.260951
17011049,USDJPY,60,24,47,30,19,30,-15,59,0,85,55,97,False,False,False,0.47140381282495664,0.288135593220339,0.0,-3.819117647058824,29.5,9.85,7.0,7.298557158712542,0.47140381282495664,1.495,96.4,0.033169776567010555,2.110985369689143,3.96231425628954,10029.0,94180.0,26.16111111111111,2.785833333333333,1.69828,4.857216,3.571564,1.541269,2.899775,1.882539
120112134,GBPUSD,60,16,40,25,16,25,-13,50,0,86,55,98,False,False,False,0.558282208588957,0.3382352941176471,0.0,-5.5608695652173905,40.61666666666667,16.383333333333333,10.0,6.188925081433225,0.558282208588957,1.5900299102691926,12.723916083916086,0.02386540120793789,2.428043315433345,3.8765967588179224,31160.5,43205.0,12.001388888888888,8.655694444444444,1.571026,3.601365,9.166846,1.478152,2.170567,1.665269
203031880,EURJPY,30,77,88,55,35,55,-27,110,0,111,55,112,False,False,False,0.30932817786370226,0.21777777777777776,0.0,-8.626530612244897,108.26666666666667,104.46666666666667,27.0,3.573109355731093,0.30932817786370226,0.9951050420168067,19.214754098360686,0.025955056179775286,1.4015016685205786,3.8730214642698995,67933.5,74929.0,41.62722222222222,37.740833333333335,4.662365,5.849518,6.277577,3.213985,4.834399,1.366211
113023365,EURUSD,30,19,61,38,24,38,-19,76,0,77,38,78,False,False,False,0.8,0.3508771929824561,0.05,-5.733999999999999,99.01666666666667,54.733333333333334,25.0,3.206187824335273,0.4757575757575757,1.4324085318679054,16.589114266396223,0.05340909090909093,1.3536608202940237,3.871147326334494,83212.0,63459.0,35.255,46.22888888888889,3.571607,5.081619,3.261027,3.619772,3.44186,1.201794
201537140,EURJPY,15,39,71,44,28,44,-22,89,0,90,56,100,False,False,False,0.3592592592592593,0.23622047244094488,0.0,-4.705333333333333,173.8,60.93333333333333,43.0,4.113194027090749,0.3592592592592593,1.2864373231889235,24.435,0.016543209876543213,1.2165432098765432,3.8572322449382135,24535.5,38497.5,42.775,27.261666666666667,4.973218,7.222101,10.740911,5.195675,6.060175,1.33561
223019174,GBPJPY,30,16,87,55,35,55,-27,109,0,145,93,166,False,False,False,0.2642164538097304,0.3105590062111801,0.0,-4.9201999999999995,114.03333333333333,27.566666666666666,29.0,5.497695852534562,0.2642164538097304,1.7997011128775833,20.11558865248227,0.008999305873103082,1.3621231644461733,3.816824746712654,19621.5,92256.5,51.25361111111111,10.900833333333333,3.270055,5.590273,2.498734,3.186483,3.652052,1.526775
203043197,EURJPY,30,24,79,50,32,50,-25,99,0,100,50,101,False,False,False,0.31604171941899545,0.22413793103448276,0.0,-5.079423076923077,81.93333333333334,69.73333333333333,20.0,2.600247913262555,0.31604171941899545,0.9992351697550056,14.439457776149478,0.008573782563895795,1.4541471799525336,3.7724645430703037,35780.0,100859.5,56.033055555555556,19.877777777777776,4.013445,5.61118,1.890989,3.356254,5.285996,2.039636
173025143,USDJPY,30,20,44,27,18,27,-14,55,0,125,81,143,False,False,False,0.41960784313725485,0.3,0.0,-3.100740740740741,61.53333333333333,31.4,15.0,8.927083333333334,0.41960784313725485,4.39978947368421,38.16433566433565,0.0,1.5439029088807554,3.764722477873061,10391.0,54275.5,30.153055555555557,5.772777777777778,1.894347,6.936657,8.727533,1.880485,5.675315,3.991051
220138124,GBPJPY,60,29,92,57,46,57,-29,114,0,118,76,135,False,False,False,0.24209962506695237,0.24,0.0,-12.1625,62.15,57.63333333333333,16.0,3.938931297709924,0.24209962506695237,0.6966774870123584,19.488805884381108,0.031181619256017503,1.5508771929824563,3.754548987142881,120538.0,74748.0,20.763333333333332,33.48277777777778,4.120106,3.960647,1.557752,3.047463,2.411908,0.785331
220111112,GBPJPY,60,29,76,48,30,48,-24,95,0,122,79,140,False,False,False,0.5325757575757575,0.31007751937984496,0.0,-3.9887500000000005,58.1,13.524999999999999,15.0,6.121212121212121,0.5325757575757575,2.6619254458540174,25.314666666666664,0.02954545454545454,1.8420268724985707,3.751195107574418,20522.0,12676.0,3.5211111111111113,5.700555555555556,1.545662,3.587736,3.921148,1.331242,1.591964,1.606933
173031711,USDJPY,30,46,48,30,19,30,-15,61,0,82,53,94,False,False,False,0.44153118560955773,0.28688524590163933,0.0,-3.6288571428571426,51.78333333333333,22.766666666666666,13.0,6.538043478260869,0.44153118560955773,1.8775409111643289,23.80680272108843,0.0,1.634967975166019,3.7504330987484957,18402.0,18250.0,10.13888888888889,10.223333333333333,2.64443,4.537423,6.450763,2.47605,3.186259,1.913194
113039851,EURUSD,30,22,36,22,14,22,-11,45,0,54,34,61,False,False,False,0.6,0.391304347826087,0.0,-3.9070370370370364,61.86666666666667,45.3,15.0,4.948936170212765,0.36600943714189416,1.7777777777777777,18.932038834951456,0.01978260869565218,1.8556521739130456,3.7363893815435665,15896.0,34314.5,19.06361111111111,8.831111111111111,3.461423,4.732382,1.946788,3.693447,3.222395,1.531807
172401402,USDJPY,1440,32,80,50,146,50,-25,100,0,108,69,123,False,False,False,0.7,0.18867924528301888,0.0,-9.300000000000002,6.565972222222222,6.2652777777777775,3.0,3.4348960832810365,0.6162790697674418,0.6490049418034474,27.195971640348056,0.026986301369863012,1.3702175863995802,3.7360752244823168,166503.0,253788.5,2.937366898148148,1.9271180555555556,0.814201,0.979804,3.800916,0.915197,0.979132,1.251001
800413945,GER40,240,88,1353,845,541,845,-423,1691,0,2037,1310,2328,False,False,False,0.6,0.268361581920904,0.010526315789473684,-20.30789473684211,20.1,4.920833333333333,5.0,6.2159825692001665,0.5876159793814433,1.671719264766855,35.981913425940185,0.052368175540800525,2.226993398033456,3.724715569639981,23038.0,56396.0,3.9163888888888887,1.5998611111111112,1.464583,2.029811,4.540202,0.91164,1.336147,1.861446
222414154,GBPJPY,1440,42,199,124,80,124,-62,249,0,273,176,312,False,False,False,0.5166666666666666,0.3656716417910448,0.0,-9.961836734693875,8.277083333333334,3.6979166666666665,3.0,4.462242562929061,0.5166666666666666,2.6886530853699115,16.677873899739332,0.02371794871794875,1.7198717948717956,3.693411123317059,319151.5,117849.5,1.3639988425925926,3.693883101851852,0.829687,1.106491,4.193823,0.826574,0.81353,0.908059
113044364,EURUSD,30,31,33,20,13,20,-10,41,0,49,32,56,False,False,False,0.4292682926829269,0.2717391304347826,0.0,-3.9368,47.56666666666667,21.633333333333333,12.0,3.4146341463414633,0.4292682926829269,1.3553585544889892,36.53092006033192,0.0,1.4004017216642755,3.692010183741216,18751.5,11686.0,6.492222222222222,10.4175,2.2932,3.044357,4.030813,2.337517,3.042791,1.261792
170116193,USDJPY,60,40,59,37,24,37,-19,74,0,102,66,117,False,False,False,0.48518518518518516,0.24793388429752067,0.0,-4.425666666666666,35.69166666666666,22.25,9.0,4.609304211921578,0.48518518518518516,1.9446281346616285,23.42032967032967,0.03679012345679013,1.1708641975308642,3.6874679659973273,13831.0,36349.0,10.096944444444444,3.8419444444444446,2.026326,3.08911,5.090683,1.765151,2.181269,1.457672
173017191,USDJPY,30,43,59,37,76,37,-19,74,0,88,56,100,False,False,False,0.33421052631578946,0.19117647058823528,0.0,-4.84,109.23333333333333,46.2,27.0,6.0,0.33421052631578946,0.9574468085106382,42.833333333333336,0.012105263157894739,1.961464163510451,3.6545908574444264,34937.0,41847.0,23.248333333333335,19.409444444444443,3.751809,7.305692,6.854573,3.146693,4.065284,1.589362
80011095,GER40,60,50,111,70,44,70,-35,139,0,258,166,295,False,False,False,0.8,0.345679012345679,0.03571428571428571,-14.317857142857145,23.90833333333333,4.183333333333334,6.0,9.616346153846155,0.5842696629213483,2.9397357028935973,74.67272727272727,0.04094076655052265,3.5631578947368423,3.6538884235215283,8132.5,28762.0,7.989444444444445,2.259027777777778,1.155835,2.908975,4.944959,1.197368,2.028421,1.596295
120112185,GBPUSD,60,58,56,35,22,35,-17,70,0,76,49,86,False,False,False,0.291886195995785,0.2717391304347826,0.02,-10.060599999999999,52.0,29.05,13.0,2.6692307692307695,0.291886195995785,0.7623889965578086,21.30244881573666,0.012192680923554286,4.215053550424069,3.6341182144427586,77096.0,59575.5,16.54875,21.415555555555557,3.991789,3.732539,2.590309,3.225047,2.547991,0.766467
170101021,USDJPY,60,32,38,24,15,24,-12,48,0,52,34,60,False,False,False,0.3715686274509804,0.2773109243697479,0.0,-2.958484848484849,7.033333333333333,7.483333333333333,3.0,4.3604651162790695,0.3715686274509804,1.5121951219512197,31.25,0.02098039215686275,2.14894660894661,3.604687654077507,3298.0,11635.0,3.2319444444444443,0.9161111111111111,1.367689,2.397309,4.52136,1.198664,1.902602,1.832808
221510100,GBPJPY,15,73,94,59,38,59,-30,118,0,119,71,127,False,False,False,0.2582216808769793,0.29004329004329005,0.0,-6.904477611940298,306.70000000000005,107.86666666666666,77.0,3.9607936488307964,0.2582216808769793,1.2853798425670753,17.333442594292208,0.0,1.5237512119320527,3.590434888599204,56896.0,71566.0,79.51777777777778,63.217777777777776,4.886646,6.699818,23.198382,4.134179,4.857214,0.932779
22042132,GBPJPY,240,53,95,59,38,59,-30,119,0,120,63,121,False,False,False,0.18273211117681845,0.23648648648648649,0.0,-8.15542857142857,12.725,7.4875,3.0,2.9285714285714284,0.18273211117681845,0.6405107550026565,15.34064351203207,0.0,1.2687784281581702,3.589407039041383,73889.0,37303.0,2.5904861111111113,5.131180555555556,1.666683,1.874027,2.490704,1.776628,1.18483,0.990782
913026119,XAUUSD,30,19,907,567,363,567,-284,1134,0,1221,785,1396,False,False,False,0.2690012970168612,0.22580645161290322,0.0,-20.92214285714286,31.9,51.13333333333333,8.0,3.9944827586206895,0.2690012970168612,1.0140062474243023,26.28941320546158,0.05664731533639098,1.98472972627078,3.5739198563070094,12752.0,35023.0,19.45722222222222,7.084444444444444,2.738111,3.168993,21.719012,1.910707,1.9449,1.017895
220167120,GBPJPY,60,69,86,53,96,53,-27,107,0,108,69,122,True,False,False,0.6,0.29411764705882354,0.03333333333333333,-9.855500000000001,55.36666666666667,53.666666666666664,14.0,2.967403958090803,0.39337016574585637,0.6959863364645602,22.916666666666668,0.023023311645043707,7.755050481066036,3.5691006995980556,52570.0,77754.0,21.598333333333333,14.602777777777778,3.936846,3.791062,7.207344,2.84375,2.116279,0.916533
22043162,GBPJPY,240,57,97,61,39,61,-30,122,0,123,66,124,True,False,False,0.3431952662721893,0.24509803921568626,0.02,-6.561600000000001,12.854166666666666,7.2375,3.0,3.7593360995850618,0.3431952662721893,0.7933168316831682,13.782178217821782,0.025850186177531882,1.904992242790045,3.567984988997953,49930.0,40654.5,2.8232291666666667,3.467361111111111,1.380869,1.954262,3.658718,1.293949,1.359589,1.250428
22011619,GBPJPY,60,83,92,58,110,58,-29,115,0,116,65,117,False,False,False,0.36826717085304306,0.11936339522546419,0.0,-9.706,44.28333333333333,25.891666666666666,11.0,3.4067796610169494,0.36826717085304306,0.8674351585014409,15.417647058823531,0.0033033973823447505,1.3819791666666665,3.5458511324376083,72184.0,77908.0,21.641111111111112,20.051111111111112,2.908027,4.355332,3.411506,2.854329,3.186662,1.099512
221513194,GBPJPY,15,89,96,60,132,60,-30,120,0,124,79,141,False,False,False,0.3158352402745995,0.10074626865671642,0.0,-9.605185185185185,217.2,116.03333333333333,54.0,3.3060365932225224,0.3158352402745995,0.9605029585798815,16.679909784871622,0.023067001477491206,1.6506007295709528,3.543676956710689,62131.0,78797.5,87.55277777777778,69.03444444444445,5.558119,7.785475,8.031795,5.6438,6.036859,1.05249
120113183,GBPUSD,60,22,55,34,22,34,-17,68,0,69,37,70,False,False,False,0.1578125,0.14798206278026907,0.0,-9.089090909090912,46.61666666666667,27.975,12.0,3.405660377358491,0.1578125,1.0003721424774057,19.164285714285718,0.007291666666666667,0.4375,3.5405437798610997,39717.0,42683.0,11.856388888888889,11.0325,3.358275,4.847046,5.079812,2.832791,2.280784,2.117808
120122468,GBPUSD,60,71,52,32,21,32,-16,65,0,82,53,94,True,False,False,0.34225352112676055,0.2682926829268293,0.0,-6.179242424242424,30.46666666666667,17.516666666666666,8.0,4.167795981661273,0.34225352112676055,0.978918083462133,28.890322580645186,0.009736536868268452,1.2259154929577467,3.537137820334392,39080.0,47911.0,13.30861111111111,10.855555555555556,2.637671,3.407469,7.73426,2.578039,3.034845,0.890221
170153138,USDJPY,60,24,50,31,20,31,-16,62,0,70,45,80,False,False,False,0.40303030303030307,0.25287356321839083,0.0,-3.7527272727272707,16.583333333333332,10.266666666666667,4.0,5.276455026455027,0.40303030303030307,1.6764230955352366,12.130347401665233,0.03545454545454546,1.962998486533798,3.5132519222071457,6955.0,27153.0,7.5425,1.9319444444444445,1.31673,2.694521,23.956609,1.18115,2.415831,2.492219
220131160,GBPJPY,60,89,93,58,133,58,-29,116,0,117,74,132,False,False,False,0.45092322643343047,0.18032786885245902,0.0,-10.350909090909093,54.7,30.45,14.0,3.7895652173913046,0.45092322643343047,0.9527217936490918,20.461631708306488,0.006256517205422314,10.955357142857144,3.512335614919798,22222.5,50122.0,13.922777777777778,6.172916666666667,2.568068,4.300009,6.942934,2.191048,2.9838,1.700249
222428195,GBPJPY,1440,26,112,70,45,70,-35,140,0,234,151,268,False,False,False,0.4870689655172414,0.33884297520661155,0.0,-7.8270731707317065,6.912847222222222,1.573611111111111,3.0,7.675903665053385,0.4870689655172414,3.756683217288289,24.073593073593074,0.04224137931034483,1.896551724137931,3.5046317720985787,95634.0,119128.0,1.3787962962962963,1.106875,0.623841,0.838447,3.077731,0.608735,0.666023,0.844711
200416125,EURJPY,240,18,38,24,46,24,-12,47,0,89,57,102,False,False,False,1.5843478260869566,0.4,0.0,-2.9300000000000006,7.427083333333334,1.6125,3.0,6.0997355961384745,0.45,1.180487804878049,35.604360465116294,0.0,1.5843478260869566,3.49750886270001,18031.0,58427.5,4.057465277777778,1.2521527777777777,0.818557,1.847832,4.110707,0.845093,1.985083,2.624121
171538179,USDJPY,15,27,57,36,23,36,-18,72,0,83,53,95,False,False,False,0.38235294117647056,0.2880658436213992,0.0,-3.1237142857142857,257.26666666666665,34.6,64.0,6.12816091954023,0.38235294117647056,1.5094819029974196,26.407578084997443,0.04313725490196079,1.7901960784313724,3.490179640718563,32049.0,51405.0,57.11666666666667,35.61,3.848236,9.519565,9.016746,3.243813,7.231132,1.640071
910110141,XAUUSD,60,20,1212,758,485,758,-379,1515,0,1834,1179,2096,False,False,False,0.35892433021670106,0.24786324786324787,0.0,-16.90310344827586,22.4,20.233333333333334,6.0,3.755369602330236,0.35892433021670106,1.5544436404135775,14.429823630536749,0.022152631578947375,1.0328990535886402,3.476827982007136,3424.0,12125.0,3.3680555555555554,0.9511111111111111,1.34404,1.938032,4.723634,1.085872,2.092343,1.775612
11151470,EURUSD,15,23,21,13,15,13,-6,26,0,27,13,28,False,False,False,0.7,0.22580645161290322,0.0,-2.3871428571428575,10.0,13.233333333333334,3.0,1.4666666666666668,0.46679470763977804,1.0,11.545454545454543,0.09574468085106383,2.364883897982489,3.475363166122288,17343.0,19591.0,21.767777777777777,19.27,2.575886,3.377183,5.743291,1.928477,2.95202,1.885906
171513124,USDJPY,15,30,37,23,15,23,-12,47,0,79,51,90,False,False,False,0.5739130434782609,0.2764227642276423,0.0,-2.6235294117647063,65.06666666666666,20.866666666666667,16.0,8.129166666666666,0.5739130434782609,2.102790234180369,70.23000000000016,0.0,3.53485847875094,3.4740662218619445,5256.0,23156.0,25.72888888888889,5.84,2.078956,6.187339,7.460561,1.789997,4.659887,2.974877
220421159,GBPJPY,240,54,85,53,42,53,-27,107,0,109,70,125,False,False,False,0.35769023510226694,0.25,0.0,-7.301702127659573,8.44375,8.716666666666667,3.0,3.1107038123167157,0.35769023510226694,0.7931525885680728,14.028622222222237,0.0008660508083140878,1.783416729978256,3.456097295783914,44364.0,49531.0,3.439652777777778,3.0808333333333335,1.516228,1.757724,4.804509,1.513237,1.413736,1.25395
110126113,EURUSD,60,25,21,13,36,13,-7,27,0,28,18,31,False,False,False,0.6,0.24691358024691357,0.0,-3.599999999999999,19.483333333333334,17.016666666666666,5.0,3.6382978723404253,0.34738145789101205,1.0757498729028978,40.90999999999999,0.06777777777777778,1.4845805088476098,3.438773307636714,2319.0,12097.0,3.3602777777777777,0.6441666666666667,1.250889,2.922582,9.936361,1.059102,1.913167,1.60514
110417191,EURUSD,240,24,38,24,15,24,-12,48,0,63,40,72,False,False,False,0.7,0.4142857142857143,0.06896551724137931,-4.291724137931034,10.6625,5.991666666666666,3.0,2.8391167192429023,0.2943661971830986,0.7977199688087233,12.75146771037182,0.0,1.2639914929099774,3.4125302663438264,53378.5,66575.0,4.623263888888889,3.706840277777778,1.591653,1.873966,14.829055,1.61295,1.998235,1.398556
113097061,EURUSD,30,18,23,14,9,14,-7,28,0,32,21,37,False,False,False,0.8,0.3728813559322034,0.09090909090909091,-3.234545454545455,19.45,19.233333333333334,5.0,5.491341991341992,0.4888888888888889,0.9465741754898381,19.622688679245286,0.0,1.6562499999999998,3.4113302034428794,72893.0,64458.5,35.81027777777778,40.49611111111111,3.086678,5.245127,2.752132,3.233328,3.644319,1.061975
200416139,EURJPY,240,58,65,41,76,41,-20,81,0,85,55,97,True,False,False,0.3618421052631579,0.23756906077348067,0.0,-4.84,10.041666666666668,3.8875,3.0,3.889387055035658,0.3618421052631579,1.2862890934585136,37.17111111111112,0.002764976958525352,1.2560526315789475,3.3988356228389875,24297.0,27800.0,1.9305555555555556,1.6872916666666666,1.140472,1.59683,8.251486,1.224465,1.380205,1.060663
221575192,GBPJPY,15,89,95,59,38,59,-30,119,0,120,74,131,False,True,False,0.276169832972077,0.2851851851851852,0.0,-6.088181818181819,192.46666666666667,81.33333333333333,48.0,4.15483561845791,0.276169832972077,1.0285289304687821,22.791731748726658,0.0,1.774858944386998,3.367561776981428,44585.5,39489.0,43.876666666666665,49.53944444444444,4.440755,7.066193,4.724142,4.305984,4.860387,1.195783
223023153,GBPJPY,30,87,91,57,86,57,-28,114,0,115,71,126,False,False,False,0.4737216540684749,0.24113475177304963,0.0,-7.233235294117648,69.51666666666667,44.06666666666666,17.0,4.228210854212746,0.4737216540684749,0.9306687024803689,18.822646691635455,0.0027735574768551433,3.74448166999549,3.3249345451056187,33587.0,79243.5,44.024166666666666,18.659444444444443,3.778728,5.452533,7.549756,3.074171,4.233751,1.269513
120126101,GBPUSD,60,24,55,35,22,35,-17,69,0,70,43,76,False,False,False,0.3539473684210526,0.22580645161290322,0.0,-7.018571428571427,25.633333333333333,22.8,6.0,2.761315926266544,0.3539473684210526,1.07171669673589,16.637931034482758,0.06052631578947368,0.9536423841059604,3.316799433528058,56809.0,16814.0,4.670555555555556,15.780277777777778,3.054412,2.881241,3.569579,2.421355,1.614952,1.473171
220115119,GBPJPY,60,21,55,35,22,35,-17,69,0,74,47,84,False,False,False,0.5485436893203883,0.2916666666666667,0.0,-4.298571428571427,19.916666666666668,9.5,5.0,3.1722054380664653,0.5485436893203883,0.9135802469135802,8.043103448275861,0.0,1.3918918918918919,3.3047653429602892,21880.0,22888.5,6.357916666666667,6.0777777777777775,1.758036,2.143019,4.76679,1.748461,1.488631,1.271186
11151224,EURUSD,15,35,13,8,9,8,-4,16,0,24,15,27,False,False,False,,,,,,,,,,,,,,3.298125847855578,18775.5,15673.0,17.414444444444445,20.861666666666668,2.803553,3.533713,3.320598,2.545527,3.848284,1.914557
223034156,GBPJPY,30,30,65,41,26,41,-20,81,0,86,55,98,False,False,False,0.32037037037037036,0.2857142857142857,0.0,-5.060999999999999,57.233333333333334,30.28333333333333,14.0,3.2325581395348837,0.32037037037037036,1.3779404541946347,12.534978962131838,0.0,1.1738800728751355,3.2703809110000726,27688.5,73709.0,40.949444444444445,15.3825,2.866719,3.924471,1.971035,2.577368,3.697345,1.27894
223071158,GBPJPY,30,114,79,49,130,49,-25,98,0,99,64,113,False,False,False,0.25223449001051523,0.1762820512820513,0.0,-11.375272727272725,118.48333333333333,76.58333333333334,30.0,4.0059239006607426,0.25223449001051523,0.8161380815631242,20.02375,0.0029655681166774785,1.048319783197832,3.265593324506875,32102.0,51981.0,28.878333333333334,17.834444444444443,3.881476,4.907095,4.132649,2.912885,3.014488,1.156118
200181268,EURJPY,60,27,78,49,71,49,-24,97,0,98,54,99,False,False,False,0.4014084507042254,0.23333333333333334,0.0,-4.519999999999999,62.93333333333333,17.783333333333335,16.0,3.4146341463414633,0.4014084507042254,1.3247671474086566,14.689862465616422,0.05029265412836299,1.3407780320366132,3.264563932893651,20818.0,37414.0,10.392777777777777,5.782777777777778,2.321041,3.592679,2.384393,2.468742,2.02863,0.896403
220156108,GBPJPY,60,99,66,41,46,41,-21,83,0,106,68,122,False,False,False,0.3108407079646018,0.28135593220338984,0.012048192771084338,-9.589638554216867,54.29166666666667,39.38333333333333,14.0,4.221133980431139,0.3108407079646018,0.7795611298964084,19.97962648556876,0.006179987970677765,5.4084834728330256,3.2531925724427726,39880.5,54803.0,15.223055555555556,11.077916666666667,3.19504,4.111214,8.127799,2.388367,2.571502,1.331922
113031321,EURUSD,30,40,32,20,43,20,-10,40,0,61,39,70,False,False,False,0.4724770642201835,0.18691588785046728,0.0,-5.561999999999999,86.08333333333334,34.233333333333334,22.0,5.7076457645764584,0.4724770642201835,1.5840922373944,21.61921097770154,0.02,1.9244350964954664,3.244207132312952,12078.0,64172.5,35.65138888888889,6.71,2.931354,4.604051,8.068612,2.285946,4.019593,1.777778
171514174,USDJPY,15,24,62,39,66,39,-20,78,0,115,74,132,False,False,False,0.5590909090909091,0.24107142857142858,0.0,-4.209999999999999,181.6,74.46666666666667,45.0,7.9179104477611935,0.5590909090909091,0.73098257552325,58.29102040816337,0.008484848484848491,2.0881818181818184,3.2314001942538457,17300.0,46114.0,51.23777777777778,19.22222222222222,3.047634,7.014135,76.0113,3.565284,4.589665,1.690236
200176156,EURJPY,60,46,83,52,33,52,-26,104,0,105,62,110,False,False,False,0.29876543209876544,0.2638888888888889,0.0,-4.756315789473684,52.86666666666667,21.1,13.0,4.133333333333333,0.29876543209876544,1.0455696202531646,23.21428571428571,0.0,1.0698765432098767,3.2306067181006117,35882.5,33471.5,9.297638888888889,9.967361111111112,2.650983,3.353325,3.630093,2.632972,2.135684,0.718508
220118191,GBPJPY,60,64,93,58,37,58,-29,117,0,118,63,119,True,False,False,0.3665480427046263,0.27956989247311825,0.0,-6.650192307692309,55.95,25.15,14.0,3.1209189842805323,0.3665480427046263,1.0145719489981786,14.50253807106599,0.013340299547196103,1.555868804127511,3.2204965357967668,68955.0,19056.5,5.293472222222222,19.154166666666665,3.063645,3.559253,2.925627,3.248991,2.026422,0.879518
113083169,EURUSD,30,20,27,17,11,17,-8,34,0,55,36,63,False,False,False,0.8,0.2823529411764706,0.041666666666666664,-3.8441666666666663,48.88333333333333,33.46666666666667,12.0,8.014285714285714,0.4837837837837837,1.4991814387163225,59.67000000000004,0.03026315789473684,3.104575163398693,3.1957650756236498,6898.0,17302.5,9.6125,3.832222222222222,2.143667,3.669964,8.785294,1.913246,2.951864,3.262799
113016160,EURUSD,30,19,33,21,13,21,-10,41,0,63,40,72,False,False,False,0.7,0.31746031746031744,0.0,-4.712499999999999,50.733333333333334,37.1,13.0,4.494500846023689,0.47240618101545256,0.8238816568047337,46.15391304347833,0.009019607843137255,4.854692450562658,3.187708456534596,13314.0,32120.0,17.844444444444445,7.3966666666666665,3.737548,3.282339,2.427618,3.622504,3.289459,0.93383
172417159,USDJPY,1440,32,45,28,18,28,-14,56,0,74,48,85,False,False,False,0.40076335877862596,0.2601626016260163,0.0,-5.132187500000001,1.8375,1.3562500000000002,3.0,6.602564102564103,0.40076335877862596,1.4080996108949417,34.79566003616641,0.033511450381679395,1.776628339410161,3.187612278620456,36396.5,54750.0,0.6336805555555556,0.42125578703703703,0.494129,0.655895,13.707662,0.487843,0.537335,0.992977
200412125,EURJPY,240,47,63,40,25,40,-20,79,0,82,53,94,False,False,False,0.29259259259259257,0.2830188679245283,0.0,-4.814222222222223,13.652083333333334,4.308333333333334,3.0,5.1708440012576915,0.29259259259259257,1.3074293041915368,28.03273946360154,0.0,1.1151281253242042,3.1810480723024286,28316.0,43149.0,2.9964583333333334,1.966388888888889,1.206319,1.672179,6.770913,1.252786,1.139405,0.930556
170111129,USDJPY,60,32,49,30,66,30,-15,61,0,62,39,70,False,False,False,0.3665869218500798,0.20192307692307693,0.0,-4.209999999999998,43.725,12.866666666666667,11.0,5.750481590123025,0.3665869218500798,0.8813168316831684,29.289678400695404,0.01636363636363637,2.0557575757575757,3.1705731509807453,33480.0,39147.5,10.874305555555555,9.3,2.05448,3.822391,6.280034,1.985345,2.2423,1.19802
120100069,GBPUSD,60,99,28,17,11,17,-9,35,0,42,27,48,False,False,False,0.24375000000000002,0.23548387096774193,0.0,-5.6000000000000005,9.666666666666666,7.041666666666667,3.0,3.536585365853658,0.24375000000000002,1.3587001234060057,11.174847870182568,0.004464285714285714,2.00444094488189,3.159132682588269,35483.0,34940.0,9.705555555555556,9.856388888888889,2.724628,2.686404,3.352871,2.602554,2.489148,0.92896
220149150,GBPJPY,60,103,71,45,110,45,-22,89,0,104,67,119,False,False,False,0.33296037823333635,0.13127413127413126,0.0,-8.425294117647057,47.25,23.025,12.0,4.196319018404908,0.33296037823333635,0.8622533402484502,18.572652634721603,0.01451527775898186,2.1630912326422655,3.142781650369128,68821.0,49859.5,13.84986111111111,19.116944444444446,3.0823,3.580747,2.933771,3.018587,2.524726,0.897676
91303683,XAUUSD,30,129,471,295,188,295,-147,589,0,590,370,658,False,False,False,0.47139141742522755,0.2630057803468208,0.0,-8.330439560439558,2.0,4.366666666666666,3.0,3.242603550295858,0.47139141742522755,1.2202196572497985,822.0,0.018812989921612542,1.67,3.1349890550578747,1136.0,1540.0,0.8555555555555555,0.6311111111111111,1.147549,1.116925,5.072381,0.967799,1.201797,1.246794
910143114,XAUUSD,60,98,1146,716,458,716,-358,1433,0,1434,886,1575,False,False,False,0.3701185770750988,0.28391167192429023,0.0,-16.466333333333335,17.566666666666666,10.833333333333334,4.0,3.886946860032782,0.3701185770750988,1.6450156225982766,105.4627438738874,0.0785317134925042,1.1201819082998958,3.1269856995809135,20107.0,13031.5,3.619861111111111,5.585277777777778,2.052472,2.39374,7.307547,2.312422,2.023748,0.971918
200141957,EURJPY,60,28,48,30,19,30,-15,61,0,85,54,97,False,False,False,0.4163934426229508,0.2616822429906542,0.0,-3.6750000000000003,32.19166666666666,8.933333333333334,8.0,6.2228847537781435,0.4163934426229508,1.6094248815072614,27.414361702127646,0.07803278688524592,1.1984171848501979,3.1199558415934607,8003.0,29500.5,8.194583333333334,2.2230555555555553,1.600346,3.540439,10.09921,1.479724,2.536936,1.481424
170428148,USDJPY,240,21,50,32,35,32,-16,63,0,64,40,71,False,False,False,0.6,0.23076923076923078,0.0,-2.771904761904762,12.904166666666665,4.354166666666667,3.0,6.158628728430781,0.6717391304347826,1.257222002374357,33.795669553630916,0.040434782608695666,2.1769565217391307,3.1170643603904002,39306.0,26168.0,1.8172222222222223,2.7295833333333333,0.816251,1.788507,5.73372,0.780669,1.531705,1.718367
220141135,GBPJPY,60,86,77,48,54,48,-24,96,0,105,67,120,True,False,False,0.6,0.3333333333333333,0.03296703296703297,-6.3951648351648345,49.45833333333333,25.483333333333334,12.0,3.4005981112450536,0.44101123595505615,0.8235187524238086,17.107846622651095,0.025177671228657373,10.615348101265832,3.107250858707011,18927.5,54184.0,15.051111111111112,5.257638888888889,2.765085,3.771245,5.583859,2.631298,2.729032,1.168453
91014861,XAUUSD,60,63,670,419,889,419,-209,837,0,910,585,1040,False,False,False,0.29328165374677,0.13736263736263737,0.0,-11.1932,5.216666666666667,2.8333333333333335,3.0,5.003012048192771,0.29328165374677,1.4807091154429117,1172.960000000001,0.0,1.3262122624949555,3.1065909643468927,2458.0,2615.5,0.7265277777777778,0.6827777777777778,1.09506,1.233631,5.120037,0.848677,0.932885,0.940594
171514160,USDJPY,15,22,29,18,12,18,-9,36,0,100,64,114,False,False,False,0.43975694444444446,0.3368421052631579,0.0,-2.1890625000000004,187.53333333333333,20.433333333333334,47.0,11.425,0.43975694444444446,3.663934426229509,35.45454545454545,0.05444444444444445,2.103055555555557,3.097289445555951,4717.0,29099.0,32.33222222222222,5.2411111111111115,2.31432,4.63501,7.772623,1.756434,3.786993,1.131868
120148141,GBPUSD,60,27,33,21,13,21,-10,42,0,46,29,52,False,False,False,0.30163934426229505,0.26582278481012656,0.0,-3.5866666666666656,19.375,3.033333333333333,5.0,4.656834112149532,0.30163934426229505,1.686550502904094,13.220196721311476,0.0,1.2926829268292683,3.095475300954753,5059.0,21643.0,6.0119444444444445,1.4052777777777778,1.440143,3.067604,4.556693,1.299819,2.652709,2.234568
111517147,EURUSD,15,28,32,20,13,20,-10,40,0,61,39,70,False,False,False,0.7,0.27631578947368424,0.0,-3.0504761904761906,109.26666666666667,39.46666666666667,27.0,6.257142857142857,0.7838709677419355,2.049494845360825,29.4553605015674,0.0516129032258065,2.482396313364055,3.091707626446805,24925.0,38346.0,42.60666666666667,27.694444444444443,2.628643,4.302417,2.943412,2.634305,3.750707,1.393436
170168117,USDJPY,60,21,52,33,21,33,-16,65,0,66,40,72,False,False,False,0.3024390243902439,0.27058823529411763,0.0,-2.5426086956521736,15.55,5.1,4.0,5.007042253521127,0.3024390243902439,2.384143208299193,88.74,0.008780487804878057,1.8048780487804879,3.0689252656057633,15780.0,6692.5,1.8590277777777777,4.383333333333334,1.747959,2.982254,3.067318,1.628002,1.916186,1.36
20301733,EURJPY,30,62,60,37,24,37,-19,75,0,105,67,120,False,False,False,0.48166666666666663,0.32653061224489793,0.0,-3.6995312499999997,111.3,29.1,28.0,6.045340050377833,0.48166666666666663,2.4639567930365476,20.263803299097418,0.008000000000000007,1.735068965517242,3.0257543820662898,35438.5,28953.5,16.085277777777776,19.688055555555554,2.776768,4.693855,2.906624,3.069973,3.311876,1.304729
910122169,XAUUSD,60,87,1176,735,470,735,-367,1470,0,2016,1296,2304,False,True,True,0.462756183745583,0.273972602739726,0.0,-12.923750000000002,24.483333333333334,8.533333333333333,6.0,8.940565253532835,0.462756183745583,1.9450484696755779,68.45982975825676,0.02508812452475735,3.039209644068818,3.0060265854625916,11752.0,17893.0,4.970277777777778,3.2644444444444445,1.565634,3.651133,4.795185,1.403591,2.466545,1.745562
910128124,XAUUSD,60,19,1865,1165,746,1165,-583,2331,0,2718,1748,3107,False,False,False,0.4065503355704698,0.25870646766169153,0.0,-18.439230769230768,31.974999999999998,22.583333333333332,8.0,4.540574319607503,0.4065503355704698,1.7786357033646238,16.79746552449392,0.07559130318794186,1.3634172839506173,2.976073121849808,6063.0,34948.0,9.707777777777778,1.6841666666666666,1.206156,2.244644,4.481469,1.383818,2.289988,1.634409
913038112,XAUUSD,30,21,1438,899,575,899,-449,1797,0,2303,1480,2632,False,False,False,0.45062500000000005,0.30685920577617326,0.0,-13.17764705882352,55.3,13.466666666666667,14.0,5.432343234323432,0.45062500000000005,1.878395360077332,24.496532593619975,0.039338235294117646,1.8443945676160265,2.9754282603200535,4121.5,4364.0,2.4244444444444446,2.289722222222222,1.336672,2.16872,4.523444,1.526343,1.777781,1.03197
223038149,GBPJPY,30,99,89,56,36,56,-28,112,0,123,79,141,False,False,False,0.29160063391442154,0.2899022801302932,0.0,-6.776741573033706,106.86666666666667,43.9,27.0,4.727726635981589,0.29160063391442154,1.1200967443703362,20.282362189718427,0.0,1.5662251655629138,2.9714390312716676,30033.0,20738.5,11.52138888888889,16.685,3.518442,4.708363,5.550201,3.536332,2.948485,0.864389
850443362,NAS100,240,41,979,612,392,612,-306,1224,0,2723,1750,3112,False,False,False,0.6,0.22388059701492538,0.0,-14.006666666666666,17.033333333333335,3.004166666666667,4.0,10.561987384951166,1.2975291480382212,3.569878541592115,3068.286000000003,0.14997886446321082,29.617672730119125,2.9646771738591147,13075.0,54342.0,3.77375,0.9079861111111112,0.765919,1.566818,4.105593,0.707525,0.985062,2.913677
223022483,GBPJPY,30,106,74,46,111,46,-23,93,0,97,63,111,False,False,False,0.37297297297297294,0.24092409240924093,0.0,-7.07,103.36666666666666,48.53333333333333,26.0,3.9441260744985676,0.37297297297297294,1.0224719101123594,18.567164179104477,0.0,1.6341016394661512,2.9415721796112635,58713.5,34988.0,19.43777777777778,32.618611111111115,3.961578,4.048453,2.905419,3.702091,2.651533,0.768899
171514180,USDJPY,15,20,36,23,14,23,-11,46,0,80,51,91,False,False,False,0.6,0.3225806451612903,0.0,-1.9173333333333327,98.53333333333333,12.366666666666667,25.0,6.578947368421052,0.6548387096774193,2.40870357712463,14.525495495495491,0.0,2.3954838709677424,2.936040882194729,3336.0,12050.0,13.38888888888889,3.7066666666666666,1.791669,3.58054,3.239105,1.320173,2.864399,1.21902
221518164,GBPJPY,15,101,85,53,102,53,-27,107,0,108,62,110,False,False,False,0.7,0.1972318339100346,0.03508771929824561,-7.560350877192984,132.53333333333333,85.76666666666667,33.0,4.323478260869565,0.5329433444441981,0.7838602951249048,21.709032258064525,0.01290864584353277,9.764126559714793,2.9285540348072363,38276.0,32194.0,35.77111111111111,42.528888888888886,4.83715,6.342308,6.101656,4.907749,4.44603,1.084507
110124169,EURUSD,60,27,27,17,11,17,-9,34,0,46,30,52,False,False,False,0.32386294846442554,0.2508710801393728,0.0,-3.3916666666666675,25.25,3.8916666666666666,6.0,6.470588235294118,0.32386294846442554,1.7119929762949957,43.98000000000002,0.0,1.3555488122073873,2.920991401112797,6203.0,12599.0,3.499722222222222,1.7230555555555556,1.525652,3.473877,4.195419,1.667347,2.143235,1.136258
911547133,XAUUSD,15,36,1043,652,1050,652,-326,1304,0,2389,1535,2730,False,False,False,0.6,0.34770114942528735,0.0,-10.510247933884298,138.26666666666668,28.733333333333334,35.0,9.672713529856386,0.67,2.236668411478408,109.51222637125551,0.0579047619047619,8.565591397849463,2.8996732392262308,9499.0,7787.0,8.652222222222223,10.554444444444444,1.942592,4.328397,6.641776,1.870739,2.275102,1.070489
910142147,XAUUSD,60,53,1213,758,2045,758,-379,1517,0,2146,1379,2452,False,False,False,0.31394943330427205,0.14563106796116504,0.0,-30.609333333333332,26.45,23.05,7.0,3.3762943379599033,0.31394943330427205,0.9592970939215222,20.62141170926865,0.009162372934814667,1.2492218461300513,2.8821054389092646,14557.0,11600.0,3.2222222222222223,4.043611111111111,2.304692,2.088519,9.136543,2.130499,1.398106,1.181371
113085881,EURUSD,30,25,39,24,16,24,-12,48,0,57,36,65,False,False,False,0.4963768115942028,0.27472527472527475,0.0,-5.015599999999999,98.78333333333333,51.266666666666666,25.0,5.637967560410461,0.4963768115942028,1.552950637139676,36.236363636363635,0.039344262295081964,1.8431372549019607,2.8713391537944934,32069.0,64007.0,35.559444444444445,17.816111111111113,2.390333,4.144846,3.697448,1.804096,3.434022,1.348192
22011049,GBPJPY,60,31,67,42,27,42,-21,83,0,98,63,112,False,False,False,0.5398802328472347,0.3017241379310345,0.0,-5.8108571428571425,29.55,14.558333333333334,7.0,5.0380335895041775,0.5398802328472347,1.4129768866610972,19.03174603174603,0.001387461459403906,1.567853721893011,2.8483039136095325,40201.5,29517.5,8.199305555555556,11.167083333333334,1.912784,4.211942,4.408887,1.874888,2.834647,1.584977
113034119,EURUSD,30,32,32,20,13,20,-10,40,0,58,37,66,False,False,False,0.38627450980392153,0.2796610169491525,0.0,-4.848787878787879,57.46666666666667,36.266666666666666,14.0,5.547413793103448,0.38627450980392153,1.881713405238829,26.08394062078273,0.005882352941176474,2.114485842026826,2.844406332453826,6898.0,39146.5,21.748055555555556,3.832222222222222,2.629342,4.628631,5.19543,2.3185,2.700053,1.355805
220175167,GBPJPY,60,93,72,45,136,45,-22,89,0,123,79,140,False,False,False,0.6,0.19696969696969696,0.019230769230769232,-9.125192307692307,38.15,27.0,10.0,5.36110507027506,0.4879006736053184,0.7043704891740178,25.834791666666668,0.019728337948267716,7.91526315789473,2.826818015451425,37799.0,43019.0,11.949722222222222,10.499722222222223,2.907733,3.171685,6.78086,2.817032,2.432941,0.822642
120131147,GBPUSD,60,38,42,27,17,27,-13,53,0,67,43,76,False,False,False,0.5206896551724138,0.2982456140350877,0.0,-6.59235294117647,25.533333333333335,20.533333333333335,6.0,7.292307692307692,0.5206896551724138,1.5165158371040723,39.12627197039783,0.022535211267605635,3.8344827586206898,2.7796959130206,49097.0,63518.0,17.64388888888889,13.638055555555555,2.247107,3.206986,4.612891,2.143719,2.045163,0.88363
173015161,USDJPY,30,41,45,28,18,28,-14,56,0,101,65,115,False,False,False,0.6,0.3116883116883117,0.0,-3.057708333333333,82.68333333333334,32.31666666666666,21.0,8.078174603174602,0.6058823529411765,3.0857295156868716,29.58535108958838,0.024901960784313726,2.1174509803921566,2.757566824728678,18895.5,45976.5,25.5425,10.4975,2.768411,5.843835,5.365459,2.206218,4.890116,1.310061
113023381,EURUSD,30,23,35,22,21,22,-11,44,0,54,35,62,False,False,False,0.5870967741935483,0.2876712328767123,0.0,-3.1000000000000005,51.36666666666667,6.516666666666667,13.0,5.0359712230215825,0.5870967741935483,2.2688917415489946,40.76666666666672,0.004516129032258066,2.956944099378883,2.7547896711542714,7922.0,19572.0,10.873333333333333,4.401111111111111,2.114142,3.48731,5.146672,1.758487,3.5604,1.385246
170112120,USDJPY,60,26,64,40,26,40,-20,80,0,90,58,103,False,False,False,0.3477272727272727,0.23469387755102042,0.0,-3.825217391304346,41.7,13.5,10.0,4.5576923076923075,0.3477272727272727,1.7869012473736003,15.105208333333353,0.041363636363636366,1.3265580407513111,2.7547440937996983,34658.0,36698.5,10.194027777777778,9.627222222222223,2.04696,2.930861,3.048852,1.592009,2.743005,1.90242
200115159,EURJPY,60,22,47,29,19,29,-15,58,0,74,47,84,False,False,False,0.3896491930105375,0.2804232804232804,0.0,-3.143018867924528,35.15,10.641666666666666,9.0,5.301158301158302,0.3896491930105375,1.576255314753929,19.099682034976148,0.0,2.745933874297103,2.7408779491267845,11834.5,51998.5,14.444027777777778,3.287361111111111,1.541057,3.343907,4.241409,1.485603,3.26609,2.175164
910142103,XAUUSD,60,106,947,592,1389,592,-296,1184,0,1792,1152,2048,False,False,True,0.6534612176814012,0.15123456790123457,0.02040816326530612,-21.102040816326532,17.0,9.233333333333333,4.0,5.61764705882353,0.6534612176814012,1.3243970551742394,33.09752808988762,0.039664847413329235,3.025213675213675,2.724854515815876,7658.0,20413.0,5.670277777777778,2.127222222222222,1.586025,2.343689,9.056017,1.25404,2.083768,1.709014
223030112,GBPJPY,30,71,89,56,36,56,-28,112,0,114,73,130,False,False,False,0.29298572315332094,0.2706422018348624,0.0,-6.10593220338983,83.43333333333334,44.56666666666667,21.0,4.818181818181818,0.29298572315332094,0.9746856725146199,27.550844854070668,0.0,2.047775947281713,2.721501748951524,23331.0,51689.0,28.71611111111111,12.961666666666666,2.911307,5.173362,5.885005,2.617767,3.503206,1.411971
223014124,GBPJPY,30,25,68,43,27,43,-21,85,0,140,90,160,False,False,False,0.275,0.3619047619047619,0.0,-3.224736842105262,65.36666666666666,8.933333333333334,16.0,6.788055998582315,0.275,2.9910751951787424,16.259218559218585,0.0,1.6707142857142863,2.715825508932281,20206.0,28788.0,15.993333333333334,11.225555555555555,2.0361,3.762305,2.513993,1.910214,2.915033,1.250467
203011191,EURJPY,30,23,57,35,23,35,-18,71,0,72,40,73,False,False,False,0.39621212121212124,0.24705882352941178,0.0,-3.6880952380952374,36.4,47.016666666666666,9.0,2.702702702702703,0.39621212121212124,1.5669728221685841,15.464640561075395,0.0010606060606060661,1.2387878787878788,2.7087745426930425,23358.0,19054.0,10.585555555555555,12.976666666666667,2.595207,2.753645,2.086811,2.459404,2.484205,1.440928
173013121,USDJPY,30,16,31,20,12,20,-10,39,0,88,57,101,False,False,False,0.3803921568627451,0.3235294117647059,0.0,-2.886060606060606,95.8,20.566666666666666,24.0,7.116883116883116,0.3803921568627451,2.3805833333333335,45.891111111111094,0.0,2.1780392156862747,2.704955849889625,37003.5,33141.5,18.411944444444444,20.5575,2.54484,5.12466,4.457417,2.350628,2.910627,1.05025
171510151,USDJPY,15,27,43,27,30,27,-14,54,0,56,36,64,False,False,False,0.3548780487804878,0.2692307692307692,0.0,-2.61,17.03333333333333,24.9,4.0,4.3031841255191505,0.3548780487804878,2.11920901576074,17.36818785999114,0.0034146341463414643,1.9234452943132692,2.6889679433969724,2944.0,7492.5,8.325,3.2711111111111113,2.120958,3.200201,2.22817,2.066207,2.200368,1.38961
17011586,USDJPY,60,56,49,31,20,31,-15,62,0,68,44,78,False,False,False,0.45060632405046,0.3035019455252918,0.0,-4.141410256410257,42.416666666666664,11.283333333333333,11.0,6.016393442622951,0.45060632405046,1.221367665249182,28.774884640738303,0.0,2.4319210075813156,2.6682967625144056,25318.0,17913.5,4.9759722222222225,7.032777777777778,2.292818,4.093736,4.222165,1.713793,1.600188,1.434457
173034139,USDJPY,30,37,39,25,16,25,-12,49,0,105,67,120,False,False,False,0.47317073170731705,0.3644067796610169,0.0,-2.521162790697674,51.13333333333333,7.0,13.0,9.615384615384615,0.47317073170731705,3.201609195402299,129.12,0.0,1.9482926829268297,2.6586129033572856,7257.0,5334.0,2.9633333333333334,4.031666666666666,1.73991,3.435676,3.059131,1.61554,1.958848,0.834211
220132119,GBPJPY,60,98,76,48,30,48,-24,95,0,107,69,123,False,False,False,0.36659663865546216,0.27102803738317754,0.0,-5.255862068965518,43.75,16.616666666666667,11.0,4.340206185567011,0.36659663865546216,1.4610172715513963,18.439239106392396,0.0,1.8371464646464648,2.6361782347584013,35811.0,47702.5,13.250694444444445,9.9475,2.422525,3.712733,4.107366,2.414064,2.60787,1.219839
170453108,USDJPY,240,33,60,37,24,37,-19,75,0,76,45,81,False,False,False,0.3183098591549296,0.27522935779816515,0.0,-4.2349999999999985,6.304166666666666,2.7875,3.0,3.7859007832898177,0.3183098591549296,1.3406000550509223,21.27268907563027,0.006338028169014087,1.1034992053488248,2.614704609335482,33536.0,34245.5,2.378159722222222,2.328888888888889,1.069902,1.459337,4.116708,1.005005,1.410792,0.965368
11151710,EURUSD,15,42,8,5,6,5,-2,10,0,11,7,13,False,False,False,,,,,,,,,,,,,,2.610768006366892,20669.5,24222.5,26.913888888888888,22.96611111111111,3.379545,3.805869,3.222068,3.245906,3.459539,1.420323
111511114,EURUSD,15,26,28,17,11,17,-9,35,0,49,32,56,False,False,False,0.32037037037037036,0.25,0.05,-5.625999999999999,126.63333333333333,104.5,32.0,5.116458501208703,0.32037037037037036,1.0536009894396348,21.99436090225564,0.08012345679012346,1.043486436990697,2.6035617505735686,24505.0,67080.0,74.53333333333333,27.227777777777778,3.186366,4.530935,25.378005,2.581121,3.838477,1.408759
171531158,USDJPY,15,27,38,24,15,24,-12,48,0,76,49,86,False,False,False,0.34239130434782605,0.2894736842105263,0.0,-2.9111363636363645,119.36666666666667,34.03333333333333,30.0,7.158385880988622,0.34239130434782605,1.892735602094241,33.45493263798348,0.0,2.1432360389177676,2.5689201677685363,13759.5,19851.0,22.05666666666667,15.288333333333334,3.351339,7.080935,5.411613,3.232361,3.495788,0.723708
20153210,EURJPY,15,44,41,25,98,25,-13,51,0,52,33,59,False,False,False,0.6,0.21081081081081082,0.0,-6.25,61.86666666666667,57.1,15.0,2.9019607843137254,0.9679993827578679,0.8258954223328865,12.143589743589748,0.06591836734693879,7.055517241379313,2.5687016429138745,13022.0,22793.5,25.32611111111111,14.46888888888889,5.711028,4.953383,3.440223,2.764866,4.855143,1.9225
220428175,GBPJPY,240,75,75,47,45,47,-23,94,0,106,68,122,True,False,False,0.6,0.33587786259541985,0.03409090909090909,-6.161136363636363,7.929166666666667,5.1875,3.0,5.195821202661148,0.5152858326429164,1.3493844395932721,20.433011118902133,0.0027819929185634805,2.3763720799324517,2.5680346833215295,18140.0,43948.0,3.0519444444444446,1.2597222222222222,1.046474,1.801088,16.052934,0.716695,1.403609,1.673825
223011130,GBPJPY,30,80,99,62,121,62,-31,124,0,125,74,132,False,False,False,0.7,0.1836734693877551,0.022222222222222223,-10.228666666666665,104.88333333333334,52.63333333333333,26.0,3.6030194278079435,0.5770114942528736,0.7676866285949479,10.13836507366152,0.05021683640802807,9.087383309759552,2.560201556034282,27249.5,60238.0,33.465555555555554,15.13861111111111,3.850957,5.006938,5.512457,3.42435,3.97356,1.257062
220198149,GBPJPY,60,91,87,54,91,54,-27,109,0,110,67,119,True,True,True,0.4412087912087912,0.29411764705882354,0.0,-5.799999999999999,29.033333333333335,16.358333333333334,7.0,3.64804469273743,0.4412087912087912,0.7496147804622636,20.4156015037594,0.012197802197802199,5.0451339285714285,2.556803988579513,34148.5,26569.5,7.380416666666667,9.485694444444444,2.286975,3.081369,4.885373,2.248496,1.854223,0.819702
913065143,XAUUSD,30,22,754,471,302,471,-236,943,0,1527,982,1745,False,False,False,0.5137111517367459,0.28488372093023256,0.0,-10.383673469387755,20.4,5.166666666666667,5.0,6.927480916030534,0.5137111517367459,1.8382659324923727,81.10993657505306,0.017142857142857147,2.564938820912127,2.5548566866007274,2379.0,6525.0,3.625,1.3216666666666668,1.173108,2.780066,6.889742,1.2713,2.967177,1.975791
220472179,GBPJPY,240,56,89,56,36,56,-28,112,0,149,96,170,True,False,False,0.41831683168316836,0.2985781990521327,0.0,-6.223174603174603,6.383333333333334,3.7958333333333334,3.0,4.312267657992566,0.41831683168316836,1.6155276354617376,19.977411294352823,0.02168316831683171,1.5545544554455444,2.5530873446756557,25600.0,31120.0,2.161111111111111,1.7777777777777777,1.043383,1.415604,3.317752,0.997263,1.286807,1.21611
110416170,EURUSD,240,16,36,22,14,22,-11,45,0,58,37,66,False,False,False,0.3387096774193548,0.3076923076923077,0.0,-2.9778571428571423,13.545833333333334,1.7833333333333334,3.0,5.030700194270391,0.3387096774193548,1.789955658376711,18.29231692677071,0.0,1.5464516129032262,2.5393521126760565,15263.0,12565.0,0.8725694444444444,1.0599305555555556,0.754033,1.433787,6.911511,0.760422,0.880793,1.420497
913034165,XAUUSD,30,47,769,481,384,481,-240,961,0,1082,696,1237,False,False,False,0.5879417637726352,0.22285714285714286,0.0,-12.485512820512819,11.25,6.366666666666666,3.0,4.967604287247454,0.5879417637726352,1.4398702631395293,24.24685559090558,0.011059633027522938,3.159251194497704,2.538774958126731,769.0,3405.0,1.8916666666666666,0.4272222222222222,1.050022,1.824425,5.918551,0.837184,1.598816,2.309856
111519159,EURUSD,15,31,28,18,11,18,-9,35,0,51,33,58,False,False,False,0.35161290322580646,0.29213483146067415,0.0,-3.0938461538461537,88.83333333333333,9.533333333333333,22.0,6.166279069767442,0.35161290322580646,2.0227015958198,51.11568627450982,0.0032258064516129032,2.5398230088495573,2.5345931993892536,2999.0,7331.0,8.145555555555555,3.332222222222222,1.966892,2.924905,3.528235,2.033923,1.996413,1.331169
203020122,EURJPY,30,70,48,30,60,30,-15,60,0,78,50,89,False,False,True,0.2930580180573361,0.24423963133640553,0.0,-3.8877358490566034,50.03333333333333,16.333333333333332,13.0,5.448275862068965,0.2930580180573361,1.5343915343915344,20.91176470588235,0.0,2.4718995401485673,2.5344528452049344,12120.0,12878.0,7.154444444444445,6.733333333333333,2.443102,4.697689,6.626043,1.706917,4.002413,2.379032
170413107,USDJPY,240,34,65,40,26,40,-20,81,0,84,54,96,False,False,False,0.27499999999999997,0.2608695652173913,0.0,-3.9920833333333334,6.533333333333333,5.2125,3.0,3.6363636363636362,0.27499999999999997,1.2800925925925923,19.047619047619047,0.0019305019305019308,0.9078947368421053,2.5322524483133844,34892.0,35428.0,2.460277777777778,2.4230555555555555,1.269254,1.314426,2.13073,1.232704,1.308176,0.975255
220111876,GBPJPY,60,80,65,41,26,41,-20,81,0,116,74,132,False,True,False,0.35592114227522753,0.28294573643410853,0.0136986301369863,-5.676712328767124,34.78333333333333,22.725,9.0,3.931468274183506,0.35592114227522753,1.1231436699857753,18.679336637438062,0.0007650273224043727,3.808538191395965,2.5259870346477005,21932.5,14948.0,4.152222222222222,6.092361111111111,2.265585,3.041076,21.310967,2.182236,2.114308,0.904825
200448115,EURJPY,240,36,58,36,23,36,-18,72,0,73,46,81,False,False,False,0.6,0.2631578947368421,0.0,-3.7245,5.710416666666667,2.4916666666666667,3.0,3.5794323130423886,0.2851851851851852,1.1772099219198195,23.464332003988027,0.010374352847471149,2.4681434751261713,2.517438163075166,20514.0,24534.0,1.70375,1.4245833333333333,1.022489,1.849064,2.641043,0.902613,1.111155,1.467298
200117124,EURJPY,60,18,40,25,51,25,-12,50,0,73,47,84,False,False,False,1.41921568627451,0.34328358208955223,0.0,-3.25,27.0,8.991666666666667,7.0,5.160493827160494,0.5330065359477124,1.3174705176188124,18.05276101050749,0.0,1.41921568627451,2.500084042941186,8024.0,19192.0,5.331111111111111,2.2288888888888887,1.669854,2.434729,3.245208,1.181778,2.629398,1.380553
11019380,EURUSD,60,34,22,14,9,14,-7,27,0,36,23,42,False,False,False,0.962962962962963,0.27631578947368424,0.047619047619047616,-2.515714285714286,5.166666666666667,1.7,3.0,5.7894736842105265,0.962962962962963,1.6307535121328225,77.82,0.043883415435139586,2.3712324288983333,2.494972944667481,3898.0,7498.5,2.0829166666666667,1.0827777777777778,1.235207,1.967563,4.674129,0.864104,1.931476,4.074074
113072085,EURUSD,30,23,52,32,31,32,-16,65,0,66,34,67,False,False,False,0.6,0.3181818181818182,0.0,-5.776666666666666,90.2,48.2,23.0,3.243055555555556,0.32295081967213113,1.1667042477981129,63.42926525529263,0.023017343787122835,1.4031771362251557,2.4894784246294934,22946.0,59685.0,33.15833333333333,12.747777777777777,3.948802,4.836008,1.739378,2.851282,3.098574,1.20229
223082351,GBPJPY,30,27,56,35,22,35,-17,70,0,128,82,146,False,False,False,0.10714285714285714,0.3037974683544304,0.0,-3.325416666666667,54.766666666666666,3.6833333333333336,14.0,9.523809523809524,0.10714285714285714,3.1510329531051964,21.046474060267165,0.0,0.9939123376623379,2.474732910310067,2765.0,5971.0,3.317222222222222,1.5361111111111112,1.605975,2.625429,3.766441,1.280066,2.001071,1.007394
913065166,XAUUSD,30,57,1245,778,498,778,-389,1557,0,1816,1167,2075,False,False,False,0.40627356522545355,0.31196581196581197,0.0,-10.717808219178082,95.13333333333333,7.433333333333334,24.0,5.123977431403045,0.40627356522545355,1.387806764091541,54.572627315812156,0.0,1.5706436684355263,2.468937760909143,8752.5,6600.0,3.6666666666666665,4.8625,2.154767,3.533923,7.623712,2.304617,2.019283,1.096066
220163569,GBPJPY,60,67,82,51,33,51,-26,103,0,104,64,114,False,False,False,0.38957816377171217,0.3101851851851852,0.0,-5.106119402985075,41.166666666666664,16.233333333333334,10.0,4.857142857142857,0.38957816377171217,1.1853720050441363,19.710526315789476,0.0,2.0403985765124566,2.4520218564071383,35422.0,26399.0,7.333055555555555,9.839444444444444,2.42923,3.500304,4.969386,2.642733,1.981109,0.986807
223012186,GBPJPY,30,92,81,50,88,50,-25,101,0,120,77,137,False,False,False,0.40247678018575855,0.2624113475177305,0.013513513513513514,-7.113108108108107,94.8,46.5,24.0,4.421917808219178,0.40247678018575855,0.8857590878289455,26.38357023411371,0.0025690430314707796,7.092307012895261,2.448187522695706,23218.5,49604.5,27.558055555555555,12.899166666666666,2.778718,5.245506,7.076992,2.734632,3.586041,2.143379
220154117,GBPJPY,60,89,92,58,37,58,-29,116,0,117,69,122,False,False,False,0.258149631995765,0.25925925925925924,0.0,-6.405428571428572,60.0,21.891666666666666,15.0,3.6467945253079033,0.258149631995765,1.0212633209870527,12.869682164297409,0.0,1.4884510098892727,2.4419193963353854,54232.0,32384.0,8.995555555555555,15.064444444444444,2.861592,3.558635,3.069354,3.00333,2.519079,0.965517
110112125,EURUSD,60,20,23,15,9,15,-7,29,0,32,21,37,False,False,False,0.3074324324324324,0.2857142857142857,0.0,-4.064583333333333,19.383333333333333,19.25,5.0,4.24793388429752,0.3074324324324324,0.8599336283185841,20.853580901856752,0.0,2.08297520661157,2.4382702091577166,20125.0,17493.0,4.859166666666667,5.590277777777778,1.945632,2.87784,3.54793,1.854534,2.417108,1.339771
201522170,EURJPY,15,51,51,32,20,32,-16,63,0,83,53,95,False,False,False,0.47500000000000003,0.26973684210526316,0.0,-3.3136585365853657,117.4,34.46666666666667,29.0,5.4858934169279,0.47500000000000003,1.375719712115154,24.353256021409475,0.023571428571428573,1.9854545454545451,2.424297616350777,12358.0,16020.0,17.8,13.731111111111112,2.842493,4.912428,3.986636,2.564164,4.290155,1.266055
22018200,GBPJPY,60,49,64,40,96,40,-20,80,0,99,63,113,False,False,False,0.5924292653434526,0.12280701754385964,0.0,-7.21904761904762,29.116666666666667,19.825000000000003,7.0,4.991847826086957,0.5924292653434526,1.321246373697217,16.121023880131105,0.024954760579064605,2.0179828068772485,2.4062039221862825,46694.0,41380.0,11.494444444444444,12.970555555555556,2.465942,3.613419,2.687673,2.562562,2.724904,0.926325
111524138,EURUSD,15,16,28,18,11,18,-9,36,0,53,34,61,False,False,False,0.5025696888441986,0.33507853403141363,0.0,-2.4578125,167.13333333333333,6.5,42.0,7.42,0.5025696888441986,2.65,95.4,0.0,1.876799132947977,2.4010612573885015,2999.0,11576.0,12.862222222222222,3.332222222222222,1.901714,4.180876,2.984879,1.956429,2.590634,1.869565
221585147,GBPJPY,15,97,72,45,111,45,-22,89,0,116,75,133,False,False,False,0.4879518072289156,0.18430034129692832,0.0,-8.604444444444443,165.96666666666667,81.86666666666666,41.0,4.498448734364228,0.4879518072289156,1.192010692010692,28.144176750216072,0.00396039603960397,5.539005145797598,2.3869801112964315,16310.0,33779.0,37.532222222222224,18.122222222222224,3.955462,6.825254,10.744797,3.884778,4.671946,1.7375
111535115,EURUSD,15,34,44,27,18,27,-14,55,0,65,42,74,False,False,False,0.34347826086956523,0.2631578947368421,0.0,-4.448666666666665,127.6,32.53333333333333,32.0,4.4921875,0.34347826086956523,1.458128078817734,17.333333333333336,0.0026086956521739132,1.0739130434782616,2.386013345106236,20817.0,34853.0,38.72555555555556,23.13,3.6223,4.852315,3.244171,3.123077,4.323409,1.532009
22011865,GBPJPY,60,63,73,46,75,46,-23,92,0,96,62,110,False,False,False,0.6,0.24056603773584906,0.0196078431372549,-6.650196078431372,28.0,17.183333333333334,7.0,3.8162475822050292,0.5144578313253012,0.7800395557584057,26.048047945205504,0.016995293735800075,5.097076023391818,2.3856286797184465,53309.0,26627.5,7.396527777777778,14.808055555555555,2.598804,2.982867,4.602269,2.654934,1.984201,0.693606
111572150,EURUSD,15,38,24,15,10,15,-8,30,0,36,23,41,False,False,False,0.3931146978021978,0.31839622641509435,0.0,-2.619481481481481,22.9,6.133333333333334,6.0,6.156730369754881,0.3931146978021978,2.0692829362355787,62.01000000000002,0.0,1.4149999999999996,2.3799402762224715,7298.0,6403.0,7.114444444444445,8.108888888888888,2.035592,3.477477,2.701995,2.12234,3.187374,1.382576
22012413,GBPJPY,60,60,78,49,31,49,-24,98,0,99,63,112,False,False,False,0.42342342342342343,0.27071823204419887,0.0,-6.505306122448981,28.1,18.366666666666667,7.0,4.6646409146409145,0.42342342342342343,1.3786332831325303,26.893456708526134,0.024752475247524754,2.4365671641791042,2.3758890274050746,44402.0,45678.5,12.688472222222222,12.33388888888889,2.379339,3.660728,7.476016,2.435128,3.273485,1.278125
17017650,USDJPY,60,109,35,22,21,22,-11,43,0,62,40,71,False,False,False,0.40869565217391307,0.2810810810810811,0.009615384615384616,-3.60375,26.966666666666665,10.516666666666667,7.0,7.084905660377358,0.40869565217391307,1.5914108574020869,47.478571428571385,0.0031250000000000075,1.8389420228523068,2.3676535646254298,16251.0,34555.0,9.598611111111111,4.514166666666667,1.975125,3.630198,19.292909,1.809355,2.583718,1.286962
203013156,EURJPY,30,23,60,38,24,38,-19,75,0,77,50,88,False,False,False,0.5624313186813187,0.27380952380952384,0.0,-3.1382608695652165,92.9,27.416666666666664,23.0,4.561089713663243,0.5624313186813187,1.7438784724066498,9.803886152162015,0.07048858204992034,2.000000000000001,2.365016909564244,13508.0,26272.0,14.595555555555556,7.504444444444444,2.456059,4.888799,3.219688,2.022789,3.226929,2.236207
170115122,USDJPY,60,35,35,22,14,22,-11,44,0,77,50,88,False,False,False,0.5972222222222222,0.3055555555555556,0.0,-2.29,13.766666666666667,6.733333333333333,3.0,7.006369426751593,0.5972222222222222,3.173704214175333,51.681643132220934,0.008333333333333338,1.528888888888889,2.3595697131420947,8405.0,4402.5,1.2229166666666667,2.334722222222222,1.43278,2.084312,2.428261,1.231779,1.231076,0.772989
110168186,EURUSD,60,35,29,18,12,18,-9,36,0,37,21,38,False,False,False,0.28070392096326025,0.21904761904761905,0.0,-3.4443478260869553,19.433333333333334,3.9333333333333336,5.0,3.6229508196721314,0.28070392096326025,1.0968739228423703,25.04862529457974,0.004878048780487805,1.4352123142250537,2.342667991638967,9609.0,5309.0,1.4747222222222223,2.6691666666666665,1.958296,2.546705,4.123826,1.725871,1.860232,1.238229
910136160,XAUUSD,60,28,854,534,342,534,-267,1067,0,1263,812,1443,False,False,False,0.6,0.25903614457831325,0.0,-9.266511627906976,10.391666666666666,4.408333333333333,3.0,6.11110566401657,0.7373075582611119,1.8437185547389063,67.42597968069666,0.0,3.2217395104895106,2.331967721911856,2474.5,3405.0,0.9458333333333333,0.6873611111111111,0.842285,1.112432,3.134481,0.791488,0.775556,0.829855
22011095,GBPJPY,60,57,111,70,44,70,-35,139,0,258,166,295,False,False,False,0.8,0.345679012345679,0.03571428571428571,-14.317857142857145,23.90833333333333,4.183333333333334,6.0,9.616346153846155,0.5842696629213483,2.9397357028935973,74.67272727272727,0.04094076655052265,3.5631578947368423,2.323586586671975,8037.0,18745.0,5.206944444444445,2.2325,1.253717,2.050781,4.217256,1.02453,1.665365,1.530744
111518105,EURUSD,15,43,37,23,36,23,-11,46,0,49,32,56,False,False,False,0.44664629912512155,0.2558139534883721,0.0,-3.9254545454545453,103.2,24.833333333333336,26.0,5.0508474576271185,0.44664629912512155,2.0984949832775923,25.24031372549021,0.05609756097560975,2.1645589515427024,2.3195489889065826,10202.0,17748.0,19.72,11.335555555555555,2.884191,4.661326,3.417671,2.545455,4.066778,1.554545
11012014,EURUSD,60,67,23,14,9,14,-7,28,0,50,32,58,False,False,True,0.49462365591397844,0.33962264150943394,0.0,-2.4025925925925926,21.583333333333332,1.5333333333333334,5.0,8.258116883116884,0.49462365591397844,1.9364644658321446,77.04999999999998,0.0,2.52823461759632,2.315254662732451,5046.0,10614.0,2.9483333333333333,1.4016666666666666,1.35311,2.487344,4.845169,1.26045,1.928101,1.380208
11151429,EURUSD,15,65,7,4,5,4,-2,9,0,29,18,33,True,False,False,,,,,,,,,,,,,,2.2884865749319876,9842.0,11508.0,12.786666666666667,10.935555555555556,2.980309,3.256289,9.385133,2.848218,3.152318,1.046512
220442456,GBPJPY,240,33,50,31,20,31,-16,62,0,85,55,97,False,False,False,0.3508928571428571,0.3118279569892473,0.0,-3.5699999999999985,8.529166666666667,1.4666666666666668,3.0,4.767726161369193,0.3508928571428571,1.684313629702003,20.13798449612404,0.0,1.0394642857142862,2.286953647280904,15357.5,9631.0,0.6688194444444444,1.0664930555555556,0.648509,1.114132,5.993084,0.639845,0.865173,1.630424
11153467,EURUSD,15,39,22,14,9,14,-7,28,0,30,20,35,False,False,False,0.8,0.3698630136986301,0.07407407407407407,-3.234444444444444,64.2,44.86666666666666,16.0,2.7925531914893615,0.3986427656850192,1.1250935764592742,9.131829170024176,0.11202638371092631,3.1956818181818214,2.2775313217285253,5077.0,4966.0,5.517777777777778,5.641111111111111,1.877005,1.808237,3.108043,1.557349,1.552933,1.295129
120118644,GBPUSD,60,59,29,18,12,18,-9,36,0,37,23,40,False,False,True,0.26560077519379843,0.25153374233128833,0.0,-3.5436585365853657,5.383333333333334,1.5916666666666668,3.0,3.918604651162791,0.26560077519379843,0.8706806282722513,30.18569105691059,0.0,1.9342780748663104,2.274160131973124,2500.0,8205.5,2.2793055555555557,0.6944444444444444,1.392476,1.864829,10.123718,1.28674,1.501117,0.928962
201547101,EURJPY,15,29,45,28,18,28,-14,56,0,57,36,64,False,False,False,0.3194805194805195,0.26804123711340205,0.0,-2.4930769230769227,40.7,12.933333333333334,10.0,4.947690217391305,0.3194805194805195,1.9940518982575057,47.19254032258064,0.007317073170731707,2.6212121212121215,2.255866460309216,3859.0,6235.0,6.927777777777778,4.2877777777777775,1.410819,3.261308,5.838418,1.241226,2.313435,2.829831
200109871,EURJPY,60,48,40,25,20,25,-13,51,0,89,57,101,False,False,False,0.6,0.33519553072625696,0.0,-2.5496666666666674,44.666666666666664,6.75,11.0,6.610937048105659,0.6097560975609756,2.0661764705882355,17.45261150234742,0.07658536585365856,2.159024390243902,2.2267053547368825,26274.0,20426.5,5.674027777777778,7.298333333333333,1.480609,2.544566,2.913104,1.32788,1.502483,0.993072
173078137,USDJPY,30,37,43,27,17,27,-13,54,0,79,51,91,False,False,False,0.4121951219512195,0.2975206611570248,0.0,-2.435833333333333,69.21666666666667,15.166666666666666,17.0,6.697103781174577,0.4121951219512195,3.190737489025461,82.13315217391305,0.003940886699507392,2.5636021505376343,2.214177380267806,6586.0,26362.0,14.645555555555555,3.658888888888889,1.641861,4.092011,7.80499,1.439304,3.180188,2.180758
111515104,EURUSD,15,24,23,14,9,14,-7,29,0,54,34,61,False,False,False,0.44482758620689655,0.33076923076923076,0.0,-2.3811627906976742,114.46666666666667,12.333333333333334,29.0,9.721311475409836,0.44482758620689655,2.4105651105651105,67.59200000000001,0.0,1.8953433835845905,2.2121048252911812,15727.0,13154.0,14.615555555555556,17.474444444444444,2.549912,8.033321,6.762205,2.239122,2.714139,1.135417
170411751,USDJPY,240,20,48,30,76,30,-15,60,0,70,45,81,False,False,False,0.6,0.21800947867298578,0.0,-4.840000000000001,7.304166666666666,4.3125,3.0,6.371428571428572,0.6418050941306754,0.9673387463093346,36.35333333333336,0.02770066506134618,6.5880405405405424,2.208929810515079,12282.0,41917.0,2.910902777777778,0.8529166666666667,0.86075,1.665486,6.632611,0.849281,1.591044,2.182706
913073101,XAUUSD,30,91,968,605,1094,605,-302,1210,0,1652,1062,1888,False,False,False,0.6,0.1541501976284585,0.02564102564102564,-17.923076923076923,24.166666666666668,15.533333333333333,6.0,6.531697706736914,0.6796296296296296,1.314161797863815,400.6989124668436,0.04358208955223881,2.923325635103926,2.200844634984997,2461.0,9671.0,5.372777777777777,1.3672222222222221,1.61454,2.868085,6.691355,1.143892,1.818647,1.837857
910436106,XAUUSD,240,83,1122,701,449,701,-351,1402,0,2450,1575,2800,False,False,False,0.4116593886462882,0.3333333333333333,0.0,-11.257037037037039,3.9583333333333335,1.2958333333333334,3.0,6.074279763970843,0.4116593886462882,1.6251087902523933,42.270531400966185,0.027021834061135376,1.6803755458515286,2.1727322599278436,4848.5,4546.0,0.31569444444444444,0.3367013888888889,0.653973,0.975854,2.844733,0.621764,0.636744,1.201893
223022108,GBPJPY,30,78,72,45,29,45,-23,90,0,93,60,106,False,False,False,0.44014084507042256,0.30869565217391304,0.0,-4.400563380281689,83.56666666666666,25.766666666666666,21.0,4.867889459525557,0.44014084507042256,1.7812081626416858,16.325450106805008,0.0,1.426901408450705,2.127707973860506,17693.0,9464.0,5.257777777777778,9.829444444444444,2.711303,3.814539,2.41501,2.598229,2.086517,0.792447
17019963,USDJPY,60,40,40,25,16,25,-12,50,0,51,33,58,False,False,False,0.7,0.32558139534883723,0.03571428571428571,-3.4891071428571427,23.383333333333333,6.441666666666666,6.0,6.1402298850574715,0.5467550340431696,1.3427411013081838,122.3700000000001,0.004797062450947419,2.877909688361245,2.125953561179233,11349.5,22660.0,6.294444444444444,3.1526388888888888,1.838734,2.153352,5.708706,1.346694,1.364374,1.304403
173020160,USDJPY,30,22,40,25,16,25,-13,50,0,95,61,108,False,False,False,0.576829268292683,0.31958762886597936,0.0,-2.487096774193548,66.03333333333333,17.616666666666667,17.0,7.154285714285715,0.576829268292683,1.4790352206456356,52.09176788124157,0.11,2.777998317914213,2.102900702200858,35193.5,39840.5,22.13361111111111,19.551944444444445,2.039311,4.771542,9.160639,2.226262,3.839979,1.681906
120430531,GBPUSD,240,28,69,43,28,43,-21,86,0,87,47,88,False,False,False,0.23684210526315788,0.27058823529411763,0.0,-6.428260869565216,8.577083333333334,2.904166666666667,3.0,3.393800539083558,0.23684210526315788,1.357513348845342,11.988344491783327,0.0,1.004865424430642,2.1027235782018683,27673.5,76046.0,5.280972222222222,1.9217708333333334,1.33684,1.859466,3.250337,1.26794,1.532567,1.018865
913016114,XAUUSD,30,103,810,506,324,506,-253,1012,0,1327,853,1516,True,True,False,0.6,0.25245901639344265,0.012987012987012988,-13.642727272727273,14.833333333333334,9.149999999999999,4.0,6.3403693931398415,0.8894482663738115,1.3699217294073798,190.77777777777777,0.055042889390519205,5.600569340398329,2.0628107661287824,899.0,5384.0,2.991111111111111,0.49944444444444447,1.733077,2.090985,7.994766,0.93745,1.479526,2.066992
120118612,GBPUSD,60,44,33,21,13,21,-10,41,0,54,35,62,False,False,False,0.38,0.32919254658385094,0.0,-3.449056603773585,20.5,5.216666666666667,5.0,6.4936068986024384,0.38,1.5506629896868274,68.00074074074075,0.005714285714285714,1.8444741532976827,2.029705136057399,7121.0,16188.0,4.496666666666667,1.9780555555555555,1.734814,2.22952,7.035563,1.754529,1.428146,0.755844
11011147,EURUSD,60,45,23,14,9,14,-7,29,0,44,28,50,False,False,False,0.5702682045580878,0.32038834951456313,0.0,-2.755151515151515,12.75,4.925000000000001,3.0,5.5210084033613445,0.5702682045580878,1.6426889693221352,19.44657894736842,0.0,2.5349624060150378,2.0290513226928137,9147.0,14773.5,4.10375,2.5408333333333335,1.535932,2.334495,8.446849,1.565066,1.341547,1.009524
111513100,EURUSD,15,17,25,16,31,16,-8,31,0,32,20,35,False,False,False,1.7458064516129037,0.3448275862068966,0.0,-3.1000000000000005,19.333333333333332,3.5999999999999996,5.0,3.1334459459459456,0.21775463550927104,1.0969321001579067,50.10000000000001,0.0,1.7458064516129037,2.021498599439777,1943.0,3313.0,3.681111111111111,2.158888888888889,2.389717,2.438101,4.051468,2.104784,1.982116,0.703833
200113126,EURJPY,60,20,38,23,15,23,-12,47,0,48,27,49,False,False,False,0.6,0.31645569620253167,0.0,-3.2591999999999994,12.208333333333332,7.166666666666667,3.0,2.055397177348397,0.34464285714285714,1.2000192003072048,15.151515151515152,0.004285714285714287,0.7603142857142857,1.9807618476304736,5340.0,9251.0,2.569722222222222,1.4833333333333334,1.400331,1.576752,3.911168,1.265994,1.387753,1.780316
110112110,EURUSD,60,124,24,15,10,15,-7,29,0,39,25,44,False,False,False,0.3058970514742628,0.3,0.0,-2.6364814814814816,19.46666666666667,2.541666666666667,5.0,6.314005602240897,0.3058970514742628,2.0812555066079295,36.720629047178555,0.0,2.36615284411637,1.97846775002995,3379.0,9850.0,2.736111111111111,0.9386111111111111,1.419991,2.551007,8.388043,1.402118,1.891584,1.425352
220177157,GBPJPY,60,103,67,42,27,42,-21,84,0,92,59,105,False,False,False,0.4947368421052632,0.2861356932153392,0.041237113402061855,-5.565876288659794,24.083333333333336,15.066666666666666,6.0,4.068383938196192,0.4947368421052632,1.142442987392885,17.4359375,0.021306270927204333,2.9146283835131888,1.94066337404012,19295.5,21504.0,5.973333333333334,5.359861111111111,2.205918,2.628108,4.331076,1.688613,1.735417,1.087471
172477110,USDJPY,1440,36,52,33,21,33,-16,65,0,72,47,83,False,False,False,0.3104166666666667,0.24528301886792453,0.0,-4.390384615384615,0.9951388888888889,1.1819444444444445,3.0,2.678571428571429,0.3104166666666667,1.2015124831658552,9.796551724137933,0.05416666666666667,1.6498422712933754,1.939750032212344,38656.0,23746.0,0.274837962962963,0.4474074074074074,0.474315,0.409502,1.826724,0.443703,0.357074,0.847222
910424666,XAUUSD,240,65,751,470,300,470,-235,939,0,964,620,1102,False,False,False,0.2680267727119973,0.18050541516245489,0.0,-8.7474,2.575,0.30000000000000004,3.0,5.10593900481541,0.2680267727119973,1.2738063913447206,26.922290348584415,0.0,1.513758671047827,1.899051443839677,4614.5,5443.0,0.37798611111111113,0.3204513888888889,0.550568,0.822993,13.443892,0.335853,0.548093,0.845866
17018110,USDJPY,60,43,22,14,9,14,-7,28,0,47,30,54,False,False,False,0.6,0.3546099290780142,0.02,-2.3998,19.241666666666667,3.9166666666666665,5.0,11.532945736434108,0.4011299435028249,1.2506989091959835,76.03000000000014,0.0,2.6225848653859396,1.874697406812221,5169.0,8281.5,2.3004166666666666,1.4358333333333333,1.514481,2.03086,8.986775,1.19409,1.282187,1.172043
113014167,EURUSD,30,52,28,18,11,18,-9,35,0,46,30,53,True,False,False,0.3318316612318635,0.27672955974842767,0.0,-3.616363636363636,47.46666666666667,11.0,12.0,5.261363636363636,0.3318316612318635,1.7309941520467835,52.375,0.00728185203173062,2.0736374770361294,1.8305454393817242,8673.5,4979.5,2.766388888888889,4.818611111111111,1.817859,2.569508,4.390389,1.652829,1.998244,1.158936
12011595,GBPUSD,60,62,26,16,10,16,-8,32,0,44,28,50,False,False,False,0.34196891191709844,0.2926829268292683,0.0,-3.5087500000000005,5.166666666666667,1.7,3.0,6.087719298245615,0.34196891191709844,1.5184580195258024,68.08592592592593,0.0,1.8150174309466356,1.7917203262741475,3697.5,6611.0,1.8363888888888888,1.0270833333333333,1.612147,1.950208,6.05539,1.618191,1.382156,0.997924
110167100,EURUSD,60,45,40,25,16,25,-13,50,0,51,29,52,False,False,False,0.4506666666666666,0.30057803468208094,0.0,-3.3969230769230765,28.35,10.15,7.0,3.789648033126294,0.4506666666666666,1.7689415228154692,18.620720720720723,0.023509708784320495,1.5496774193548395,1.7870353788078313,39483.0,16562.5,4.600694444444445,10.9675,1.919128,2.640924,4.90497,2.026243,1.663056,0.773723
